{
  "Delete a product" : {
    "transaction" : "Delete a product",
    "sampleCount" : 100,
    "errorCount" : 0,
    "errorPct" : 0.0,
    "meanResTime" : 2374.7300000000005,
    "medianResTime" : 2277.0,
    "minResTime" : 602.0,
    "maxResTime" : 4228.0,
    "pct1ResTime" : 3900.7000000000003,
    "pct2ResTime" : 4091.0,
    "pct3ResTime" : 4227.79,
    "throughput" : 6.666666666666667,
    "receivedKBytesPerSec" : 7.173046875,
    "sentKBytesPerSec" : 1.4127604166666667
  },
  "Get carts in a date range" : {
    "transaction" : "Get carts in a date range",
    "sampleCount" : 100,
    "errorCount" : 0,
    "errorPct" : 0.0,
    "meanResTime" : 4119.950000000001,
    "medianResTime" : 3938.0,
    "minResTime" : 3034.0,
    "maxResTime" : 5181.0,
    "pct1ResTime" : 4723.7,
    "pct2ResTime" : 5022.999999999999,
    "pct3ResTime" : 5180.89,
    "throughput" : 3.2812705079406745,
    "receivedKBytesPerSec" : 5.246379835772411,
    "sentKBytesPerSec" : 0.5319247112481953
  },
  "Get a single user" : {
    "transaction" : "Get a single user",
    "sampleCount" : 100,
    "errorCount" : 0,
    "errorPct" : 0.0,
    "meanResTime" : 2735.3899999999994,
    "medianResTime" : 2472.0,
    "minResTime" : 1620.0,
    "maxResTime" : 4537.0,
    "pct1ResTime" : 3916.4,
    "pct2ResTime" : 3945.8,
    "pct3ResTime" : 4533.879999999998,
    "throughput" : 4.2294028083234645,
    "receivedKBytesPerSec" : 4.085586591735747,
    "sentKBytesPerSec" : 0.5286753510404332
  },
  "Delete a cart" : {
    "transaction" : "Delete a cart",
    "sampleCount" : 100,
    "errorCount" : 1,
    "errorPct" : 1.0,
    "meanResTime" : 3579.500000000001,
    "medianResTime" : 3660.5,
    "minResTime" : 1948.0,
    "maxResTime" : 5410.0,
    "pct1ResTime" : 4878.4,
    "pct2ResTime" : 4971.9,
    "pct3ResTime" : 5408.969999999999,
    "throughput" : 3.37006706433458,
    "receivedKBytesPerSec" : 2.730478359956863,
    "sentKBytesPerSec" : 0.7042913591480471
  },
  "Update a product" : {
    "transaction" : "Update a product",
    "sampleCount" : 100,
    "errorCount" : 0,
    "errorPct" : 0.0,
    "meanResTime" : 378.74,
    "medianResTime" : 351.0,
    "minResTime" : 298.0,
    "maxResTime" : 750.0,
    "pct1ResTime" : 495.6,
    "pct2ResTime" : 571.8999999999997,
    "pct3ResTime" : 749.8299999999999,
    "throughput" : 8.85661146045523,
    "receivedKBytesPerSec" : 7.194612966079178,
    "sentKBytesPerSec" : 3.105003431936941
  },
  "Add a new cart" : {
    "transaction" : "Add a new cart",
    "sampleCount" : 100,
    "errorCount" : 0,
    "errorPct" : 0.0,
    "meanResTime" : 434.8199999999999,
    "medianResTime" : 359.0,
    "minResTime" : 295.0,
    "maxResTime" : 1070.0,
    "pct1ResTime" : 704.0000000000002,
    "pct2ResTime" : 936.3999999999994,
    "pct3ResTime" : 1069.97,
    "throughput" : 3.6597862684819207,
    "receivedKBytesPerSec" : 2.900380617771922,
    "sentKBytesPerSec" : 1.5189542618211096
  },
  "User login" : {
    "transaction" : "User login",
    "sampleCount" : 100,
    "errorCount" : 0,
    "errorPct" : 0.0,
    "meanResTime" : 1252.4799999999998,
    "medianResTime" : 1264.5,
    "minResTime" : 517.0,
    "maxResTime" : 1934.0,
    "pct1ResTime" : 1747.6,
    "pct2ResTime" : 1774.55,
    "pct3ResTime" : 1933.7299999999998,
    "throughput" : 8.292561572269674,
    "receivedKBytesPerSec" : 6.896593052906543,
    "sentKBytesPerSec" : 2.0731403930674186
  },
  "Get all products" : {
    "transaction" : "Get all products",
    "sampleCount" : 100,
    "errorCount" : 0,
    "errorPct" : 0.0,
    "meanResTime" : 1077.73,
    "medianResTime" : 847.0,
    "minResTime" : 422.0,
    "maxResTime" : 3116.0,
    "pct1ResTime" : 1940.9,
    "pct2ResTime" : 2427.75,
    "pct3ResTime" : 3115.94,
    "throughput" : 9.420631182289213,
    "receivedKBytesPerSec" : 104.18040508714084,
    "sentKBytesPerSec" : 1.186778732925106
  },
  "Get all users" : {
    "transaction" : "Get all users",
    "sampleCount" : 100,
    "errorCount" : 0,
    "errorPct" : 0.0,
    "meanResTime" : 3189.2399999999993,
    "medianResTime" : 3403.0,
    "minResTime" : 1648.0,
    "maxResTime" : 5310.0,
    "pct1ResTime" : 4632.900000000001,
    "pct2ResTime" : 4877.55,
    "pct3ResTime" : 5308.119999999999,
    "throughput" : 3.732039559619332,
    "receivedKBytesPerSec" : 13.456699594140696,
    "sentKBytesPerSec" : 0.45921580518753496
  },
  "Add a new user" : {
    "transaction" : "Add a new user",
    "sampleCount" : 100,
    "errorCount" : 0,
    "errorPct" : 0.0,
    "meanResTime" : 1785.4900000000002,
    "medianResTime" : 1698.5,
    "minResTime" : 1015.0,
    "maxResTime" : 3546.0,
    "pct1ResTime" : 2549.8,
    "pct2ResTime" : 2706.5,
    "pct3ResTime" : 3540.329999999997,
    "throughput" : 6.435834727764192,
    "receivedKBytesPerSec" : 4.434692367100013,
    "sentKBytesPerSec" : 4.028681699703951
  },
  "Get user carts" : {
    "transaction" : "Get user carts",
    "sampleCount" : 100,
    "errorCount" : 0,
    "errorPct" : 0.0,
    "meanResTime" : 4065.59,
    "medianResTime" : 3875.0,
    "minResTime" : 3258.0,
    "maxResTime" : 5125.0,
    "pct1ResTime" : 4859.3,
    "pct2ResTime" : 4901.0,
    "pct3ResTime" : 5124.0199999999995,
    "throughput" : 3.252561392096276,
    "receivedKBytesPerSec" : 2.6500116888925027,
    "sentKBytesPerSec" : 0.42245182143437954
  },
  "Sort results" : {
    "transaction" : "Sort results",
    "sampleCount" : 300,
    "errorCount" : 0,
    "errorPct" : 0.0,
    "meanResTime" : 2170.9833333333327,
    "medianResTime" : 1798.5,
    "minResTime" : 300.0,
    "maxResTime" : 5125.0,
    "pct1ResTime" : 4442.100000000001,
    "pct2ResTime" : 4839.4,
    "pct3ResTime" : 5103.240000000001,
    "throughput" : 5.675691015381123,
    "receivedKBytesPerSec" : 30.76819443262009,
    "sentKBytesPerSec" : 0.7593453799875135
  },
  "Update a cart - patch" : {
    "transaction" : "Update a cart - patch",
    "sampleCount" : 100,
    "errorCount" : 0,
    "errorPct" : 0.0,
    "meanResTime" : 385.96,
    "medianResTime" : 362.5,
    "minResTime" : 300.0,
    "maxResTime" : 939.0,
    "pct1ResTime" : 472.0,
    "pct2ResTime" : 603.2499999999998,
    "pct3ResTime" : 938.4799999999998,
    "throughput" : 3.630291149350178,
    "receivedKBytesPerSec" : 2.8732478172874467,
    "sentKBytesPerSec" : 1.5173482538299572
  },
  "Limit results" : {
    "transaction" : "Limit results",
    "sampleCount" : 300,
    "errorCount" : 0,
    "errorPct" : 0.0,
    "meanResTime" : 2231.6433333333325,
    "medianResTime" : 1831.5,
    "minResTime" : 301.0,
    "maxResTime" : 5363.0,
    "pct1ResTime" : 4634.1,
    "pct2ResTime" : 4878.5,
    "pct3ResTime" : 5305.99,
    "throughput" : 5.863268576789274,
    "receivedKBytesPerSec" : 12.583353081147639,
    "sentKBytesPerSec" : 0.7729895096353048
  },
  "Delete a user" : {
    "transaction" : "Delete a user",
    "sampleCount" : 100,
    "errorCount" : 0,
    "errorPct" : 0.0,
    "meanResTime" : 1472.4699999999996,
    "medianResTime" : 1439.5,
    "minResTime" : 523.0,
    "maxResTime" : 2789.0,
    "pct1ResTime" : 1837.7,
    "pct2ResTime" : 2506.949999999999,
    "pct3ResTime" : 2787.669999999999,
    "throughput" : 7.357268981753973,
    "receivedKBytesPerSec" : 7.1944606662007065,
    "sentKBytesPerSec" : 1.5375542598587404
  },
  "Get a single product" : {
    "transaction" : "Get a single product",
    "sampleCount" : 100,
    "errorCount" : 0,
    "errorPct" : 0.0,
    "meanResTime" : 391.61,
    "medianResTime" : 369.5,
    "minResTime" : 300.0,
    "maxResTime" : 614.0,
    "pct1ResTime" : 552.8000000000002,
    "pct2ResTime" : 597.95,
    "pct3ResTime" : 613.9499999999999,
    "throughput" : 11.56737998843262,
    "receivedKBytesPerSec" : 12.454588996529786,
    "sentKBytesPerSec" : 1.4798113071139387
  },
  "Get products in a specific category" : {
    "transaction" : "Get products in a specific category",
    "sampleCount" : 100,
    "errorCount" : 0,
    "errorPct" : 0.0,
    "meanResTime" : 1594.65,