{
  "Delete a product" : {
    "transaction" : "Delete a product",
    "sampleCount" : 50,
    "errorCount" : 0,
    "errorPct" : 0.0,
    "meanResTime" : 564.1199999999999,
    "medianResTime" : 510.0,
    "minResTime" : 465.0,
    "maxResTime" : 969.0,
    "pct1ResTime" : 771.7,
    "pct2ResTime" : 802.0999999999999,
    "pct3ResTime" : 969.0,
    "throughput" : 5.166890565257828,
    "receivedKBytesPerSec" : 5.562884287485791,
    "sentKBytesPerSec" : 1.0949367701767077
  },
  "Get carts in a date range" : {
    "transaction" : "Get carts in a date range",
    "sampleCount" : 50,
    "errorCount" : 0,
    "errorPct" : 0.0,
    "meanResTime" : 597.8199999999999,
    "medianResTime" : 579.0,
    "minResTime" : 450.0,
    "maxResTime" : 900.0,
    "pct1ResTime" : 778.0999999999999,
    "pct2ResTime" : 819.8499999999999,
    "pct3ResTime" : 900.0,
    "throughput" : 4.750593824228028,
    "receivedKBytesPerSec" : 7.599651128266033,
    "sentKBytesPerSec" : 0.7701157957244655
  },
  "Get a single user" : {
    "transaction" : "Get a single user",
    "sampleCount" : 50,
    "errorCount" : 0,
    "errorPct" : 0.0,
    "meanResTime" : 605.8200000000003,
    "medianResTime" : 575.0,
    "minResTime" : 470.0,
    "maxResTime" : 824.0,
    "pct1ResTime" : 770.5,
    "pct2ResTime" : 790.3,
    "pct3ResTime" : 824.0,
    "throughput" : 4.72768532526475,
    "receivedKBytesPerSec" : 4.565540492624811,
    "sentKBytesPerSec" : 0.5909606656580938
  },
  "Delete a cart" : {
    "transaction" : "Delete a cart",
    "sampleCount" : 50,
    "errorCount" : 0,
    "errorPct" : 0.0,
    "meanResTime" : 605.1200000000001,
    "medianResTime" : 577.5,
    "minResTime" : 461.0,
    "maxResTime" : 892.0,
    "pct1ResTime" : 745.0,
    "pct2ResTime" : 820.8499999999998,
    "pct3ResTime" : 892.0,
    "throughput" : 4.714757190004715,
    "receivedKBytesPerSec" : 3.8382911951909473,
    "sentKBytesPerSec" : 0.9853105846298915
  },
  "Update a product" : {
    "transaction" : "Update a product",
    "sampleCount" : 50,
    "errorCount" : 0,
    "errorPct" : 0.0,
    "meanResTime" : 325.92,
    "medianResTime" : 320.0,
    "minResTime" : 292.0,
    "maxResTime" : 403.0,
    "pct1ResTime" : 360.5,
    "pct2ResTime" : 381.59999999999997,
    "pct3ResTime" : 403.0,
    "throughput" : 5.414185165132647,
    "receivedKBytesPerSec" : 4.401140362750406,
    "sentKBytesPerSec" : 1.8981371819166217
  },
  "Add a new cart" : {
    "transaction" : "Add a new cart",
    "sampleCount" : 50,
    "errorCount" : 0,
    "errorPct" : 0.0,
    "meanResTime" : 324.08,
    "medianResTime" : 322.0,
    "minResTime" : 284.0,
    "maxResTime" : 396.0,
    "pct1ResTime" : 350.7,
    "pct2ResTime" : 373.9,
    "pct3ResTime" : 396.0,
    "throughput" : 4.844491812808836,
    "receivedKBytesPerSec" : 3.8362319542679972,
    "sentKBytesPerSec" : 2.010653340277105
  },
  "User login" : {
    "transaction" : "User login",
    "sampleCount" : 50,
    "errorCount" : 0,
    "errorPct" : 0.0,
    "meanResTime" : 583.74,
    "medianResTime" : 521.0,
    "minResTime" : 463.0,
    "maxResTime" : 1041.0,
    "pct1ResTime" : 801.3,
    "pct2ResTime" : 809.9499999999999,
    "pct3ResTime" : 1041.0,
    "throughput" : 4.767353165522502,
    "receivedKBytesPerSec" : 3.969566409229596,
    "sentKBytesPerSec" : 1.1918382913806256
  },
  "Get all products" : {
    "transaction" : "Get all products",
    "sampleCount" : 50,
    "errorCount" : 0,
    "errorPct" : 0.0,
    "meanResTime" : 620.66,
    "medianResTime" : 477.0,
    "minResTime" : 416.0,
    "maxResTime" : 2255.0,
    "pct1ResTime" : 1379.8999999999996,
    "pct2ResTime" : 1501.25,
    "pct3ResTime" : 2255.0,
    "throughput" : 4.970673029128144,
    "receivedKBytesPerSec" : 54.968071192464464,
    "sentKBytesPerSec" : 0.626188301521026
  },
  "Get all users" : {
    "transaction" : "Get all users",
    "sampleCount" : 50,
    "errorCount" : 0,
    "errorPct" : 0.0,
    "meanResTime" : 614.64,
    "medianResTime" : 565.5,
    "minResTime" : 478.0,
    "maxResTime" : 860.0,
    "pct1ResTime" : 812.7,
    "pct2ResTime" : 828.0999999999999,
    "pct3ResTime" : 860.0,
    "throughput" : 4.717871296471032,
    "receivedKBytesPerSec" : 17.01363907105114,
    "sentKBytesPerSec" : 0.580519319682959
  },
  "Add a new user" : {
    "transaction" : "Add a new user",
    "sampleCount" : 50,
    "errorCount" : 0,
    "errorPct" : 0.0,
    "meanResTime" : 600.6999999999999,
    "medianResTime" : 547.5,
    "minResTime" : 458.0,
    "maxResTime" : 804.0,
    "pct1ResTime" : 789.7,
    "pct2ResTime" : 796.9,
    "pct3ResTime" : 804.0,
    "throughput" : 4.710315591144607,
    "receivedKBytesPerSec" : 3.2473578073480924,
    "sentKBytesPerSec" : 2.9485471620348562
  },
  "Get user carts" : {
    "transaction" : "Get user carts",
    "sampleCount" : 50,
    "errorCount" : 0,
    "errorPct" : 0.0,
    "meanResTime" : 601.96,
    "medianResTime" : 570.5,
    "minResTime" : 458.0,
    "maxResTime" : 897.0,
    "pct1ResTime" : 813.3,
    "pct2ResTime" : 838.9,
    "pct3ResTime" : 897.0,
    "throughput" : 4.749240121580547,
    "receivedKBytesPerSec" : 3.8650651833206684,
    "sentKBytesPerSec" : 0.6168446642287234
  },
  "Sort results" : {
    "transaction" : "Sort results",
    "sampleCount" : 150,
    "errorCount" : 0,
    "errorPct" : 0.0,
    "meanResTime" : 531.9266666666666,
    "medianResTime" : 506.5,
    "minResTime" : 287.0,
    "maxResTime" : 1392.0,
    "pct1ResTime" : 775.9,
    "pct2ResTime" : 842.9,
    "pct3ResTime" : 1329.780000000001,
    "throughput" : 7.5945521745734395,
    "receivedKBytesPerSec" : 41.171174877221404,
    "sentKBytesPerSec" : 1.0160680155435167
  },
  "Update a cart - patch" : {
    "transaction" : "Update a cart - patch",
    "sampleCount" : 50,
    "errorCount" : 0,
    "errorPct" : 0.0,
    "meanResTime" : 325.7399999999999,
    "medianResTime" : 319.5,
    "minResTime" : 290.0,
    "maxResTime" : 388.0,
    "pct1ResTime" : 361.8,
    "pct2ResTime" : 380.29999999999995,
    "pct3ResTime" : 388.0,
    "throughput" : 4.818348270212971,
    "receivedKBytesPerSec" : 3.812329852076708,
    "sentKBytesPerSec" : 2.0139190035655776
  },
  "Limit results" : {
    "transaction" : "Limit results",
    "sampleCount" : 150,
    "errorCount" : 0,
    "errorPct" : 0.0,
    "meanResTime" : 509.17333333333346,
    "medianResTime" : 501.5,
    "minResTime" : 293.0,
    "maxResTime" : 843.0,
    "pct1ResTime" : 747.9000000000001,
    "pct2ResTime" : 809.1499999999999,
    "pct3ResTime" : 835.3500000000001,
    "throughput" : 8.059749610445435,
    "receivedKBytesPerSec" : 17.295928818978023,
    "sentKBytesPerSec" : 1.0625646459083338
  },
  "Delete a user" : {
    "transaction" : "Delete a user",
    "sampleCount" : 50,
    "errorCount" : 0,
    "errorPct" : 0.0,
    "meanResTime" : 578.0999999999997,
    "medianResTime" : 525.0,
    "minResTime" : 452.0,
    "maxResTime" : 794.0,
    "pct1ResTime" : 755.0,
    "pct2ResTime" : 785.9499999999999,
    "pct3ResTime" : 794.0,
    "throughput" : 4.708984742889434,
    "receivedKBytesPerSec" : 4.607447259370879,
    "sentKBytesPerSec" : 0.9841042333772838
  },
  "Get a single product" : {
    "transaction" : "Get a single product",
    "sampleCount" : 50,
    "errorCount" : 0,
    "errorPct" : 0.0,
    "meanResTime" : 330.1599999999999,
    "medianResTime" : 327.0,
    "minResTime" : 291.0,
    "maxResTime" : 393.0,
    "pct1ResTime" : 366.9,
    "pct2ResTime" : 374.9,
    "pct3ResTime" : 393.0,
    "throughput" : 5.56606924190137,
    "receivedKBytesPerSec" : 5.991351719915396,
    "sentKBytesPerSec" : 0.7120654987198041
  },
  "Get products in a specific category" : {
    "transaction" : "Get products in a specific category",
    "sampleCount" : 50,
    "errorCount" : 0,
    "errorPct" : 0.0,
    "meanResTime" : 514.5199999999999,
    "medianResTime" : 498.0,
    "minResTime" : 464.0,
    "maxResTime" : 680.0,
    "pct1ResTime" : 597.8,
    "pct2ResTime" : 645.3499999999999,
    "pct3ResTime" : 680.0,