{
  "Delete a product" : {
    "transaction" : "Delete a product",
    "sampleCount" : 10,
    "errorCount" : 0,
    "errorPct" : 0.0,
    "meanResTime" : 1650.9999999999998,
    "medianResTime" : 1614.5,
    "minResTime" : 1418.0,
    "maxResTime" : 1984.0,
    "pct1ResTime" : 1969.9,
    "pct2ResTime" : 1984.0,
    "pct3ResTime" : 1984.0,
    "throughput" : 1.1697274535033337,
    "receivedKBytesPerSec" : 1.258827786875658,
    "sentKBytesPerSec" : 0.24788169668967133
  },
  "Get carts in a date range" : {
    "transaction" : "Get carts in a date range",
    "sampleCount" : 10,
    "errorCount" : 0,
    "errorPct" : 0.0,
    "meanResTime" : 2024.1000000000001,
    "medianResTime" : 1992.0,
    "minResTime" : 1912.0,
    "maxResTime" : 2245.0,
    "pct1ResTime" : 2235.9,
    "pct2ResTime" : 2245.0,
    "pct3ResTime" : 2245.0,
    "throughput" : 1.026272577996716,
    "receivedKBytesPerSec" : 1.6390294668513958,
    "sentKBytesPerSec" : 0.16636840619868637
  },
  "Get a single user" : {
    "transaction" : "Get a single user",
    "sampleCount" : 10,
    "errorCount" : 0,
    "errorPct" : 0.0,
    "meanResTime" : 2055.7999999999997,
    "medianResTime" : 2034.0,
    "minResTime" : 1990.0,
    "maxResTime" : 2178.0,
    "pct1ResTime" : 2176.5,
    "pct2ResTime" : 2178.0,
    "pct3ResTime" : 2178.0,
    "throughput" : 1.0141987829614605,
    "receivedKBytesPerSec" : 0.9793356997971603,
    "sentKBytesPerSec" : 0.12677484787018256
  },
  "Delete a cart" : {
    "transaction" : "Delete a cart",
    "sampleCount" : 10,
    "errorCount" : 0,
    "errorPct" : 0.0,
    "meanResTime" : 2058.0000000000005,
    "medianResTime" : 2054.0,
    "minResTime" : 1917.0,
    "maxResTime" : 2191.0,
    "pct1ResTime" : 2184.5,
    "pct2ResTime" : 2191.0,
    "pct3ResTime" : 2191.0,
    "throughput" : 1.0158472165786265,
    "receivedKBytesPerSec" : 0.8273599400650142,
    "sentKBytesPerSec" : 0.21229619565217392
  },
  "Update a product" : {
    "transaction" : "Update a product",
    "sampleCount" : 10,
    "errorCount" : 0,
    "errorPct" : 0.0,
    "meanResTime" : 311.70000000000005,
    "medianResTime" : 307.5,
    "minResTime" : 301.0,
    "maxResTime" : 338.0,
    "pct1ResTime" : 337.0,
    "pct2ResTime" : 338.0,
    "pct3ResTime" : 338.0,
    "throughput" : 1.4513788098693758,
    "receivedKBytesPerSec" : 1.1823634796806968,
    "sentKBytesPerSec" : 0.5088330007256894
  },
  "Add a new cart" : {
    "transaction" : "Add a new cart",
    "sampleCount" : 10,
    "errorCount" : 0,
    "errorPct" : 0.0,
    "meanResTime" : 313.0,
    "medianResTime" : 309.0,
    "minResTime" : 298.0,
    "maxResTime" : 363.0,
    "pct1ResTime" : 358.0,
    "pct2ResTime" : 363.0,
    "pct3ResTime" : 363.0,
    "throughput" : 1.223091976516634,
    "receivedKBytesPerSec" : 0.9682015196917808,
    "sentKBytesPerSec" : 0.5076309472847358
  },
  "User login" : {
    "transaction" : "User login",
    "sampleCount" : 10,
    "errorCount" : 0,
    "errorPct" : 0.0,
    "meanResTime" : 1893.4,
    "medianResTime" : 1899.0,
    "minResTime" : 1734.0,
    "maxResTime" : 2233.0,
    "pct1ResTime" : 2203.2000000000003,
    "pct2ResTime" : 2233.0,
    "pct3ResTime" : 2233.0,
    "throughput" : 1.0691756655618518,
    "receivedKBytesPerSec" : 0.8887522719982893,
    "sentKBytesPerSec" : 0.26729391639046296
  },
  "Get all products" : {
    "transaction" : "Get all products",
    "sampleCount" : 10,
    "errorCount" : 0,
    "errorPct" : 0.0,
    "meanResTime" : 808.6,
    "medianResTime" : 695.5,
    "minResTime" : 446.0,
    "maxResTime" : 2066.0,
    "pct1ResTime" : 1949.8000000000004,
    "pct2ResTime" : 2066.0,
    "pct3ResTime" : 2066.0,
    "throughput" : 1.0324179227751393,
    "receivedKBytesPerSec" : 11.417896964691307,
    "sentKBytesPerSec" : 0.13006046097460253
  },
  "Get all users" : {
    "transaction" : "Get all users",
    "sampleCount" : 10,
    "errorCount" : 0,
    "errorPct" : 0.0,
    "meanResTime" : 2114.2999999999997,
    "medianResTime" : 2079.5,
    "minResTime" : 1988.0,
    "maxResTime" : 2320.0,
    "pct1ResTime" : 2311.2,
    "pct2ResTime" : 2320.0,
    "pct3ResTime" : 2320.0,
    "throughput" : 1.0115314586283632,
    "receivedKBytesPerSec" : 3.6460572400364155,
    "sentKBytesPerSec" : 0.1244657849484119
  },
  "Add a new user" : {
    "transaction" : "Add a new user",
    "sampleCount" : 10,
    "errorCount" : 0,
    "errorPct" : 0.0,
    "meanResTime" : 1986.3,
    "medianResTime" : 1994.5,
    "minResTime" : 1834.0,
    "maxResTime" : 2065.0,
    "pct1ResTime" : 2064.4,
    "pct2ResTime" : 2065.0,
    "pct3ResTime" : 2065.0,
    "throughput" : 1.0120433154539015,
    "receivedKBytesPerSec" : 0.6979540911851027,
    "sentKBytesPerSec" : 0.6335153957089363
  },
  "Get user carts" : {
    "transaction" : "Get user carts",
    "sampleCount" : 10,
    "errorCount" : 0,
    "errorPct" : 0.0,
    "meanResTime" : 2024.0,
    "medianResTime" : 2021.5,
    "minResTime" : 1899.0,
    "maxResTime" : 2204.0,
    "pct1ResTime" : 2195.0,
    "pct2ResTime" : 2204.0,
    "pct3ResTime" : 2204.0,
    "throughput" : 1.0181225819588677,
    "receivedKBytesPerSec" : 0.8296108226430463,
    "sentKBytesPerSec" : 0.13223662441457953
  },
  "Sort results" : {
    "transaction" : "Sort results",
    "sampleCount" : 30,
    "errorCount" : 0,
    "errorPct" : 0.0,
    "meanResTime" : 1448.3000000000002,
    "medianResTime" : 1951.0,
    "minResTime" : 309.0,
    "maxResTime" : 2284.0,
    "pct1ResTime" : 2072.3,
    "pct2ResTime" : 2218.0,
    "pct3ResTime" : 2284.0,
    "throughput" : 0.8125677139761647,
    "receivedKBytesPerSec" : 4.404476740249187,
    "sentKBytesPerSec" : 0.10871267267063922
  },
  "Update a cart - patch" : {
    "transaction" : "Update a cart - patch",
    "sampleCount" : 10,
    "errorCount" : 0,
    "errorPct" : 0.0,
    "meanResTime" : 332.70000000000005,
    "medianResTime" : 322.0,
    "minResTime" : 301.0,
    "maxResTime" : 412.0,
    "pct1ResTime" : 407.40000000000003,
    "pct2ResTime" : 412.0,
    "pct3ResTime" : 412.0,
    "throughput" : 1.2241400416207613,
    "receivedKBytesPerSec" : 0.9685529899620516,
    "sentKBytesPerSec" : 0.5116522830211776
  },
  "Limit results" : {
    "transaction" : "Limit results",
    "sampleCount" : 30,
    "errorCount" : 0,
    "errorPct" : 0.0,
    "meanResTime" : 1389.5666666666668,
    "medianResTime" : 1831.5,
    "minResTime" : 302.0,
    "maxResTime" : 2082.0,
    "pct1ResTime" : 2032.7,
    "pct2ResTime" : 2071.0,
    "pct3ResTime" : 2082.0,
    "throughput" : 0.874865124959902,
    "receivedKBytesPerSec" : 1.8774856194045086,
    "sentKBytesPerSec" : 0.11533866393514335
  },
  "Delete a user" : {
    "transaction" : "Delete a user",
    "sampleCount" : 10,
    "errorCount" : 0,
    "errorPct" : 0.0,
    "meanResTime" : 1933.3,
    "medianResTime" : 1962.0,
    "minResTime" : 1749.0,
    "maxResTime" : 2025.0,
    "pct1ResTime" : 2023.9,
    "pct2ResTime" : 2025.0,
    "pct3ResTime" : 2025.0,
    "throughput" : 1.0372368011617052,
    "receivedKBytesPerSec" : 1.012521393009024,
    "sentKBytesPerSec" : 0.21676628461777825
  },
  "Get a single product" : {
    "transaction" : "Get a single product",
    "sampleCount" : 10,
    "errorCount" : 0,
    "errorPct" : 0.0,
    "meanResTime" : 336.90000000000003,
    "medianResTime" : 308.5,
    "minResTime" : 298.0,
    "maxResTime" : 584.0,
    "pct1ResTime" : 559.0000000000001,
    "pct2ResTime" : 584.0,
    "pct3ResTime" : 584.0,
    "throughput" : 1.2169891687963978,
    "receivedKBytesPerSec" : 1.3070748904709748,
    "sentKBytesPerSec" : 0.1556890440550079
  },
  "Get products in a specific category" : {
    "transaction" : "Get products in a specific category",
    "sampleCount" : 10,
    "errorCount" : 0,
    "errorPct" : 0.0,
    "meanResTime" : 1961.1000000000001,
    "medianResTime" : 1712.0,
    "minResTime" : 1396.0,
    "maxResTime" : 3041.0,
    "pct1ResTime" : 3017.5,
    "pct2ResTime" : 3041.0,
    "pct3ResTime" : 3041.0,
    "throughput" : 1.037344398340249,